Tempo,Energy,Loudness (RMS),Key,Mode,Danceability,Valence
178.20581896551724,0.07553262,0.24805701,F#,0,1.2251343,0.45571074403565504
